{
    "loss": 0.9365505576133728,
    "accuracy": 0.818965494632721
}